slab_label,energy (eV)
0.0.Rh12.Ag1,-99.435101
0.1.Rh12.Ag19,-99.435099
0.2.Rh12.Ag3,-99.220492
0.3.Rh12.Ag4,-99.249914
