ads_label,energy (eV)
0.0.Rh14.Ag4,-115.62351
0.1.Rh14.Ag2,-116.29976
0.2.Rh14.Ag6,-116.00036
0.3.Rh14.Ag7,-115.98381
