image number,energy
0,-116.85742
1,-116.84115
2,-116.79842
3,-116.69364
4,-116.43924
5,-115.95241
6,-116.47439
7,-116.55566
8,-116.66599
9,-116.66624
